{
    "accuracy": 0.8546370613860123,
    "precision": 0.8859315919857447,
    "recall": 0.8138264743927562,
    "f1_score": 0.8483496543658936,
    "log_loss": 0.37621921017355564,
    "confusion_matrix": [
        [
            112315,
            13123
        ],
        [
            23316,
            101922
        ]
    ]
}