{
    "accuracy": 0.9998843128181397,
    "precision": 0.9999840484925826,
    "recall": 0.9997846975798413,
    "f1_score": 0.9998843630998664,
    "log_loss": 0.040219369317270166,
    "confusion_matrix": [
        [
            125269,
            2
        ],
        [
            27,
            125378
        ]
    ]
}