{
    "accuracy": 0.7536860329668577,
    "precision": 0.7787705097352877,
    "recall": 0.7093529308613241,
    "f1_score": 0.7424426340970997,
    "log_loss": 0.5043952645591868,
    "confusion_matrix": [
        [
            99937,
            25281
        ],
        [
            36464,
            88994
        ]
    ]
}